{"0":{"precision":0.8532948533,"recall":0.8848983664,"f1-score":0.8688093052,"support":8019.0},"1":{"precision":0.8798802707,"recall":0.8471369503,"f1-score":0.8631982126,"support":7981.0},"accuracy":{"precision":0.8660625,"recall":0.8660625,"f1-score":0.8660625,"support":0.8660625},"macro avg":{"precision":0.866587562,"recall":0.8660176583,"f1-score":0.8660037589,"support":16000.0},"weighted avg":{"precision":0.8665559918,"recall":0.8660625,"f1-score":0.866010422,"support":16000.0}}