{"0":{"precision":0.8112679639,"recall":0.7954857214,"f1-score":0.8032993326,"support":8019.0},"1":{"precision":0.7984515178,"recall":0.8140583887,"f1-score":0.8061794267,"support":7981.0},"accuracy":{"precision":0.80475,"recall":0.80475,"f1-score":0.80475,"support":0.80475},"macro avg":{"precision":0.8048597408,"recall":0.804772055,"f1-score":0.8047393797,"support":16000.0},"weighted avg":{"precision":0.8048749603,"recall":0.80475,"f1-score":0.8047359595,"support":16000.0}}