{"0":{"precision":0.9008609444,"recall":0.9956747405,"f1-score":0.9458978222,"support":3468.0},"1":{"precision":0.9933540097,"recall":0.8550724638,"f1-score":0.919040787,"support":2622.0},"accuracy":{"precision":0.9351395731,"recall":0.9351395731,"f1-score":0.9351395731,"support":0.9351395731},"macro avg":{"precision":0.9471074771,"recall":0.9253736021,"f1-score":0.9324693046,"support":6090.0},"weighted avg":{"precision":0.9406830819,"recall":0.9351395731,"f1-score":0.934334744,"support":6090.0}}