{"0":{"precision":0.7942125067,"recall":0.908764736,"f1-score":0.8476358942,"support":9755.0},"1":{"precision":0.8160396858,"recall":0.6321857486,"f1-score":0.7124424795,"support":6245.0},"accuracy":{"precision":0.8008125,"recall":0.8008125,"f1-score":0.8008125,"support":0.8008125},"macro avg":{"precision":0.8051260963,"recall":0.7704752423,"f1-score":0.7800391869,"support":16000.0},"weighted avg":{"precision":0.8027319276,"recall":0.8008125,"f1-score":0.7948682145,"support":16000.0}}