{"0":{"precision":0.8233333333,"recall":0.925893887,"f1-score":0.871606949,"support":3468.0},"1":{"precision":0.8826484018,"recall":0.7372234935,"f1-score":0.8034081463,"support":2622.0},"accuracy":{"precision":0.8446633826,"recall":0.8446633826,"f1-score":0.8446633826,"support":0.8446633826},"macro avg":{"precision":0.8529908676,"recall":0.8315586902,"f1-score":0.8375075476,"support":6090.0},"weighted avg":{"precision":0.848870954,"recall":0.8446633826,"f1-score":0.8422445088,"support":6090.0}}