{"0":{"precision":0.9759001985,"recall":0.9925028835,"f1-score":0.9841315225,"support":3468.0},"1":{"precision":0.9898556379,"recall":0.9675819985,"f1-score":0.9785920926,"support":2622.0},"accuracy":{"precision":0.981773399,"recall":0.981773399,"f1-score":0.981773399,"support":0.981773399},"macro avg":{"precision":0.9828779182,"recall":0.980042441,"f1-score":0.9813618075,"support":6090.0},"weighted avg":{"precision":0.9819085995,"recall":0.981773399,"f1-score":0.981746566,"support":6090.0}}