{"0":{"precision":0.9207323526,"recall":0.8918503332,"f1-score":0.9060612372,"support":9755.0},"1":{"precision":0.8389558846,"recall":0.8800640512,"f1-score":0.8590184433,"support":6245.0},"accuracy":{"precision":0.88725,"recall":0.88725,"f1-score":0.88725,"support":0.88725},"macro avg":{"precision":0.8798441186,"recall":0.8859571922,"f1-score":0.8825398403,"support":16000.0},"weighted avg":{"precision":0.888813975,"recall":0.88725,"f1-score":0.8876998467,"support":16000.0}}