{"0":{"precision":0.9521571463,"recall":0.9852849482,"f1-score":0.9684378256,"support":8019.0},"1":{"precision":0.9846793041,"recall":0.95025686,"f1-score":0.967161895,"support":7981.0},"accuracy":{"precision":0.9678125,"recall":0.9678125,"f1-score":0.9678125,"support":0.9678125},"macro avg":{"precision":0.9684182252,"recall":0.9677709041,"f1-score":0.9677998603,"support":16000.0},"weighted avg":{"precision":0.9683796051,"recall":0.9678125,"f1-score":0.9678013755,"support":16000.0}}