{"0":{"precision":0.7546994662,"recall":0.937716263,"f1-score":0.8363122026,"support":3468.0},"1":{"precision":0.8787198203,"recall":0.5968726163,"f1-score":0.7108789462,"support":2622.0},"accuracy":{"precision":0.7909688013,"recall":0.7909688013,"f1-score":0.7909688013,"support":0.7909688013},"macro avg":{"precision":0.8167096433,"recall":0.7672944396,"f1-score":0.7735955744,"support":6090.0},"weighted avg":{"precision":0.8080954216,"recall":0.7909688013,"f1-score":0.7823079336,"support":6090.0}}