{"0":{"precision":0.8322950411,"recall":0.8330215738,"f1-score":0.832658149,"support":8019.0},"1":{"precision":0.8320792576,"recall":0.831349455,"f1-score":0.8317141962,"support":7981.0},"accuracy":{"precision":0.8321875,"recall":0.8321875,"f1-score":0.8321875,"support":0.8321875},"macro avg":{"precision":0.8321871494,"recall":0.8321855144,"f1-score":0.8321861726,"support":16000.0},"weighted avg":{"precision":0.8321874056,"recall":0.8321875,"f1-score":0.8321872935,"support":16000.0}}