{"0":{"precision":0.9928304239,"recall":0.9794976935,"f1-score":0.9861189948,"support":9755.0},"1":{"precision":0.9686323714,"recall":0.9889511609,"f1-score":0.9786863165,"support":6245.0},"accuracy":{"precision":0.9831875,"recall":0.9831875,"f1-score":0.9831875,"support":0.9831875},"macro avg":{"precision":0.9807313977,"recall":0.9842244272,"f1-score":0.9824026556,"support":16000.0},"weighted avg":{"precision":0.9833856216,"recall":0.9831875,"f1-score":0.9832179275,"support":16000.0}}