{"0":{"precision":0.7923682781,"recall":0.7276468388,"f1-score":0.7586296561,"support":8019.0},"1":{"precision":0.7471051413,"recall":0.8084199975,"f1-score":0.7765541313,"support":7981.0},"accuracy":{"precision":0.7679375,"recall":0.7679375,"f1-score":0.7679375,"support":0.7679375},"macro avg":{"precision":0.7697367097,"recall":0.7680334181,"f1-score":0.7675918937,"support":16000.0},"weighted avg":{"precision":0.7697904597,"recall":0.7679375,"f1-score":0.7675706084,"support":16000.0}}