{"0":{"precision":0.9913936126,"recall":0.9801127627,"f1-score":0.9857209134,"support":9755.0},"1":{"precision":0.9694776589,"recall":0.9867093675,"f1-score":0.9780176176,"support":6245.0},"accuracy":{"precision":0.9826875,"recall":0.9826875,"f1-score":0.9826875,"support":0.9826875},"macro avg":{"precision":0.9804356358,"recall":0.9834110651,"f1-score":0.9818692655,"support":16000.0},"weighted avg":{"precision":0.9828395419,"recall":0.9826875,"f1-score":0.9827142208,"support":16000.0}}