{"0":{"precision":0.9211034483,"recall":0.9628027682,"f1-score":0.9414916114,"support":3468.0},"1":{"precision":0.9476673428,"recall":0.8909229596,"f1-score":0.9184195007,"support":2622.0},"accuracy":{"precision":0.9318555008,"recall":0.9318555008,"f1-score":0.9318555008,"support":0.9318555008},"macro avg":{"precision":0.9343853955,"recall":0.9268628639,"f1-score":0.9299555561,"support":6090.0},"weighted avg":{"precision":0.9325403171,"recall":0.9318555008,"f1-score":0.9315581017,"support":6090.0}}