{"0":{"precision":0.9402308326,"recall":0.935315223,"f1-score":0.9377665862,"support":9755.0},"1":{"precision":0.8997776366,"recall":0.9071257006,"f1-score":0.9034367275,"support":6245.0},"accuracy":{"precision":0.9243125,"recall":0.9243125,"f1-score":0.9243125,"support":0.9243125},"macro avg":{"precision":0.9200042346,"recall":0.9212204618,"f1-score":0.9206016568,"support":16000.0},"weighted avg":{"precision":0.9244414446,"recall":0.9243125,"f1-score":0.9243672132,"support":16000.0}}