{"0":{"precision":0.8632501328,"recall":0.9374279123,"f1-score":0.8988111695,"support":3468.0},"1":{"precision":0.906626506,"recall":0.8035850496,"f1-score":0.8520016175,"support":2622.0},"accuracy":{"precision":0.8798029557,"recall":0.8798029557,"f1-score":0.8798029557,"support":0.8798029557},"macro avg":{"precision":0.8849383194,"recall":0.870506481,"f1-score":0.8754063935,"support":6090.0},"weighted avg":{"precision":0.8819254777,"recall":0.8798029557,"f1-score":0.8786576973,"support":6090.0}}