{"0":{"precision":0.9365215526,"recall":0.8953357253,"f1-score":0.9154656465,"support":9755.0},"1":{"precision":0.8470182799,"recall":0.9052041633,"f1-score":0.8751451351,"support":6245.0},"accuracy":{"precision":0.8991875,"recall":0.8991875,"f1-score":0.8991875,"support":0.8991875},"macro avg":{"precision":0.8917699163,"recall":0.9002699443,"f1-score":0.8953053908,"support":16000.0},"weighted avg":{"precision":0.9015873065,"recall":0.8991875,"f1-score":0.8997280469,"support":16000.0}}