{"0":{"precision":0.8383531698,"recall":0.8608305275,"f1-score":0.8494431797,"support":8019.0},"1":{"precision":0.8562966778,"recall":0.8332289187,"f1-score":0.8446053216,"support":7981.0},"accuracy":{"precision":0.8470625,"recall":0.8470625,"f1-score":0.8470625,"support":0.8470625},"macro avg":{"precision":0.8473249238,"recall":0.8470297231,"f1-score":0.8470242507,"support":16000.0},"weighted avg":{"precision":0.8473036159,"recall":0.8470625,"f1-score":0.8470299956,"support":16000.0}}